env_id,city_id,monitoring_date,air_quality_index,water_quality_index,temperature,humidity,pm2_5,pm10
1,20,2023-08-10,127,31,23.5,45,15.4,103.3
2,2,2025-06-18,204,84,19.2,66,23.7,147.1
3,20,2025-07-20,74,58,44.7,73,133.9,163.7
4,6,2025-09-09,189,75,27.3,61,137.8,179.4
5,11,2023-05-31,61,76,28.5,34,23.0,241.8
6,19,2025-08-21,197,31,35.4,80,92.1,237.2
7,18,2023-03-02,68,79,37.4,91,50.5,200.1
8,8,2024-05-05,278,64,36.7,46,111.7,240.2
9,7,2024-08-06,123,69,33.7,77,131.4,29.6
10,13,2024-05-17,267,78,38.5,50,60.1,26.8
11,6,2024-10-10,139,31,20.0,57,148.0,95.4
12,5,2025-07-09,150,53,25.7,88,87.5,66.3
13,2,2024-10-04,197,49,23.9,58,56.5,217.6
14,3,2023-01-16,338,34,33.4,83,128.3,35.4
15,8,2023-01-06,313,82,31.8,61,16.9,224.4
16,4,2023-04-01,148,80,30.0,47,98.2,26.5
17,11,2025-09-07,166,72,38.4,87,58.6,152.3
18,6,2023-03-31,93,84,26.4,80,21.3,239.5
19,8,2024-03-05,321,52,39.5,48,76.8,104.6
20,6,2023-03-21,115,89,44.5,33,108.8,53.4
21,15,2023-04-28,73,74,40.7,58,111.3,148.9
22,6,2023-07-13,160,51,20.7,51,24.1,229.1
23,17,2025-03-15,81,92,37.5,76,91.3,122.6
24,4,2024-05-30,161,57,32.5,72,89.3,43.3
25,19,2025-06-20,130,89,36.6,90,37.6,180.4
26,13,2024-07-23,282,35,37.1,73,138.8,132.7
27,20,2025-05-28,105,38,32.8,78,97.2,59.8
28,19,2024-05-06,94,95,25.5,69,131.9,172.9
29,17,2023-05-22,93,91,22.4,36,39.0,73.1
30,10,2024-07-03,82,59,21.7,49,23.0,45.0
31,9,2024-05-13,121,57,37.7,44,23.9,244.1
32,12,2024-08-14,100,31,36.2,31,32.2,167.7
33,2,2023-10-11,332,49,23.9,46,32.6,123.8
34,12,2025-05-20,82,43,24.6,54,20.6,199.8
35,5,2024-05-30,73,83,27.1,36,70.0,114.1
36,1,2024-11-29,164,74,37.3,59,141.2,124.0
37,15,2023-12-31,151,42,34.5,58,32.8,41.0
38,1,2024-10-29,191,41,29.2,39,78.4,110.1
39,20,2023-02-11,90,57,21.2,33,50.6,214.5
40,18,2025-04-20,120,38,34.7,80,36.9,152.7
41,7,2025-08-19,80,83,31.1,94,22.5,116.3
42,12,2025-09-19,156,80,30.4,35,66.7,182.6
43,5,2023-03-28,196,95,39.7,76,63.8,93.2
44,10,2025-03-08,115,68,35.7,86,145.3,113.1
45,7,2024-12-02,128,54,37.4,83,61.4,93.0
46,20,2024-01-21,92,88,23.1,51,67.0,122.6
47,4,2023-04-01,125,48,24.9,82,104.8,231.9
48,11,2025-08-21,192,71,25.2,49,28.7,140.8
49,17,2024-10-13,60,93,43.6,42,114.9,234.3
50,5,2024-10-16,111,69,42.5,40,103.8,153.5
51,13,2023-09-27,206,55,33.1,60,134.8,187.0
52,10,2025-08-27,167,53,42.0,37,64.2,78.1
53,8,2023-09-24,201,34,39.8,60,25.5,183.9
54,12,2025-05-18,185,93,29.0,77,147.3,85.1
55,15,2025-03-08,149,64,31.5,88,69.2,185.2
56,9,2025-01-09,135,55,27.7,60,73.9,152.0
57,9,2024-02-07,148,94,28.3,38,73.2,228.8
58,5,2023-03-22,95,73,25.7,32,87.3,229.4
59,19,2023-12-07,128,95,20.4,73,40.0,114.8
60,5,2023-11-27,145,78,28.7,87,39.5,217.0
61,8,2023-01-14,266,65,21.7,77,119.9,157.4
62,4,2023-09-30,96,79,21.3,66,22.1,175.2
63,9,2024-10-28,189,55,24.7,50,142.0,208.7
64,10,2025-03-06,131,69,23.8,37,76.1,117.8
65,15,2023-08-20,76,32,18.8,45,81.9,144.4
66,12,2025-07-30,92,48,43.2,40,64.7,148.5
67,3,2025-07-27,292,65,26.6,56,64.0,243.1
68,9,2025-01-26,95,85,42.0,94,122.7,83.4
69,16,2023-02-19,78,93,23.2,50,132.4,235.1
70,1,2024-12-09,285,82,39.5,48,45.0,125.1
71,15,2023-05-16,197,85,28.8,71,69.9,68.9
72,1,2023-04-25,221,37,35.4,35,139.9,166.6
73,12,2025-04-14,89,86,43.2,38,18.3,235.6
74,11,2024-10-26,182,35,19.0,49,80.3,178.5
75,5,2023-03-09,129,53,26.6,54,31.2,31.0
76,10,2023-08-21,196,45,38.8,57,118.0,144.0
77,3,2024-05-21,192,34,23.4,55,66.0,102.8
78,5,2024-06-14,150,52,42.5,33,96.1,67.0
79,16,2025-03-13,113,74,21.5,77,145.5,104.3
80,7,2025-07-20,110,48,22.6,86,45.6,163.6
81,17,2024-09-09,94,30,25.8,90,108.3,211.4
82,8,2025-03-11,240,58,21.5,84,72.6,139.1
83,2,2024-04-25,251,41,42.5,88,21.2,67.2
84,20,2024-05-24,80,94,39.8,55,66.5,47.2
85,16,2023-05-08,89,80,20.7,58,135.5,150.6
86,18,2024-10-09,96,41,44.0,93,104.9,214.4
87,14,2025-08-03,117,63,39.0,91,42.0,124.6
88,9,2023-05-15,87,56,44.5,57,147.6,246.1
89,5,2025-09-02,91,95,18.5,43,116.8,90.7
90,5,2023-12-21,193,49,37.4,53,39.1,240.6
91,13,2023-02-28,246,53,40.2,73,43.5,172.6
92,13,2023-09-06,312,91,41.3,61,24.0,170.7
93,18,2023-02-26,119,80,36.5,92,52.2,211.2
94,1,2024-05-12,321,70,24.2,69,119.2,172.0
95,11,2023-06-02,53,39,23.9,79,38.6,173.7
96,17,2025-03-14,123,81,24.2,90,103.7,111.9
97,11,2025-01-18,120,90,19.2,70,48.9,41.4
98,6,2025-08-17,67,77,20.3,64,24.7,152.4
99,11,2023-12-04,159,64,18.5,41,92.8,109.6
100,7,2024-08-28,132,87,32.8,75,123.7,38.5
101,1,2025-04-10,185,32,24.8,85,146.8,175.0
102,3,2024-09-29,316,93,20.6,41,35.2,41.5
103,7,2024-08-08,112,85,42.5,81,77.5,152.5
104,15,2024-02-20,59,90,23.8,51,72.6,226.0
105,8,2023-03-23,304,53,21.6,79,106.1,31.4
106,11,2024-12-13,197,90,35.5,83,62.6,214.1
107,7,2025-08-21,196,69,23.5,41,100.0,111.0
108,10,2023-07-12,57,95,36.1,72,39.5,53.1
109,2,2023-06-12,180,38,27.5,33,119.6,134.4
110,13,2023-10-06,222,88,39.6,66,79.8,185.0
111,1,2023-05-24,257,89,28.7,69,88.5,196.6
112,16,2024-02-15,126,87,34.0,69,134.4,45.0
113,7,2024-01-30,138,84,36.6,34,49.7,99.4
114,1,2024-02-21,212,75,26.5,58,78.5,33.5
115,13,2025-09-25,219,84,34.6,89,74.6,49.7
116,19,2024-10-27,141,47,33.4,78,45.1,71.3
117,12,2024-08-30,169,31,22.8,74,29.9,144.0
118,15,2024-02-28,102,84,26.1,40,130.2,163.2
119,17,2024-09-27,193,72,34.5,74,139.6,118.1
120,14,2023-09-11,126,72,38.4,67,115.6,94.2
121,9,2025-03-15,68,69,34.5,80,91.9,160.8
122,8,2025-02-10,305,61,40.5,63,52.2,126.5
123,8,2024-08-11,219,82,25.1,51,34.7,35.7
124,11,2024-05-27,157,46,34.3,91,112.7,74.2
125,19,2024-11-16,186,64,20.7,50,29.0,26.8
126,19,2024-04-01,83,37,36.7,44,131.2,196.4
127,16,2023-12-01,127,74,23.2,82,65.0,131.3
128,19,2023-05-16,82,34,24.6,35,55.7,152.5
129,10,2024-01-26,66,48,37.5,58,91.5,210.2
130,5,2025-07-07,141,43,21.7,44,42.5,219.3
131,11,2025-05-29,150,75,32.3,80,40.7,156.0
132,16,2025-09-13,50,85,44.2,40,139.6,162.1
133,3,2023-09-25,330,76,32.9,54,50.0,98.6
134,13,2023-08-15,171,39,24.0,77,21.5,71.1
135,6,2023-07-15,154,50,43.2,47,19.5,80.9
136,10,2024-04-13,124,53,25.2,56,103.6,29.2
137,8,2024-11-10,265,83,31.6,80,120.5,146.6
138,1,2023-02-03,291,70,37.2,48,91.8,88.1
139,19,2025-09-09,62,49,41.9,41,102.3,243.8
140,15,2025-06-29,123,38,30.6,54,149.1,93.0
141,11,2023-03-01,89,59,32.5,76,142.9,61.8
142,18,2024-09-16,121,84,28.6,53,75.5,100.8
143,6,2023-07-23,101,47,32.0,49,99.2,77.6
144,5,2023-01-17,84,72,28.8,43,44.1,222.5
145,8,2023-01-23,206,55,24.8,89,74.5,190.2
146,4,2024-11-17,159,88,27.9,31,74.1,121.0
147,16,2024-09-16,138,70,24.7,37,38.4,169.4
148,7,2023-02-27,70,52,42.6,63,125.2,63.4
149,1,2023-08-10,219,46,19.3,67,76.9,238.0
150,19,2025-04-08,54,41,30.3,50,144.3,173.9
151,5,2023-10-27,63,77,19.6,82,138.7,83.3
152,18,2024-04-18,76,90,35.3,93,58.4,83.6
153,4,2024-09-29,96,63,19.4,76,101.4,76.2
154,15,2023-06-07,170,48,27.2,38,39.3,96.2
155,2,2025-04-01,299,73,28.4,66,111.2,230.8
156,5,2025-08-27,113,92,24.7,54,75.9,198.1
157,3,2025-03-24,197,42,21.5,41,147.2,51.8
158,15,2025-09-16,181,35,24.4,74,147.6,149.4
159,20,2023-02-21,68,88,41.1,92,54.3,33.1
160,8,2024-09-04,188,75,20.8,62,108.8,65.1
161,11,2025-01-22,78,93,20.8,52,34.2,135.8
162,13,2025-02-05,215,61,23.9,88,39.5,29.8
163,10,2023-06-03,86,44,28.1,78,106.7,179.1
164,9,2024-08-28,147,54,42.5,30,108.5,208.7
165,7,2025-09-26,124,67,26.2,32,56.1,214.1
166,16,2024-06-04,198,72,18.3,89,17.8,62.4
167,12,2024-09-20,146,94,36.5,39,97.6,221.9
168,7,2025-03-17,164,93,24.9,53,68.6,167.8
169,7,2023-06-13,131,83,24.3,53,76.1,137.1
170,11,2025-03-24,93,50,42.6,49,17.4,43.1
171,13,2023-12-24,288,40,21.8,47,18.7,108.0
172,6,2023-06-04,123,44,19.9,82,44.5,59.1
173,11,2023-11-20,198,81,24.3,61,77.5,187.0
174,5,2024-10-23,154,52,40.3,67,104.7,239.6
175,2,2024-03-17,246,39,27.1,63,99.2,31.1
176,18,2023-12-14,74,54,23.5,43,45.1,146.1
177,2,2023-02-14,219,58,37.0,50,23.7,169.5
178,6,2025-05-20,88,42,43.6,52,120.6,108.7
179,10,2024-06-07,78,77,32.5,85,88.4,145.6
180,13,2023-11-02,152,43,38.6,44,86.7,84.0
181,18,2023-03-01,149,69,44.7,47,128.0,176.6
182,2,2025-03-24,249,52,33.4,94,138.6,137.0
183,17,2024-05-06,112,70,32.1,79,101.1,88.4
184,13,2025-02-05,229,45,34.1,46,44.4,173.2
185,4,2024-09-17,86,85,39.8,52,25.1,66.2
186,10,2024-12-07,66,35,25.7,62,86.8,204.1
187,4,2023-10-16,174,95,42.8,44,27.2,219.1
188,15,2023-06-07,154,65,33.5,42,103.0,140.6
189,7,2023-04-24,190,32,19.5,85,72.0,29.7
190,6,2024-12-24,50,37,18.1,55,116.0,146.3
191,7,2024-07-11,151,54,41.6,30,58.4,35.4
192,6,2023-10-04,112,60,32.8,30,141.3,149.5
193,6,2025-08-05,156,51,35.8,37,23.1,114.6
194,14,2023-06-17,167,85,43.2,59,38.9,150.1
195,7,2025-06-22,178,79,36.2,56,44.0,133.8
196,3,2024-06-01,236,44,41.8,81,38.9,127.3
197,8,2024-03-20,291,69,44.1,43,15.1,41.7
198,5,2024-11-10,179,50,23.4,58,111.8,59.3
199,18,2025-05-19,180,58,27.4,53,77.2,160.0
200,3,2024-06-25,272,71,37.1,32,69.8,226.5
201,16,2024-01-30,74,35,29.4,77,126.4,62.6
202,18,2024-06-19,75,64,24.7,39,98.9,130.1
203,15,2025-09-06,154,44,30.4,94,108.8,104.3
204,19,2024-03-05,198,61,32.6,68,62.2,136.9
205,1,2025-10-11,333,49,36.9,78,64.8,239.5
206,13,2024-06-30,248,51,34.5,75,92.6,46.2
207,11,2024-04-03,102,69,34.7,50,61.4,75.3
208,9,2024-11-18,161,31,38.6,68,134.7,155.3
209,20,2023-01-24,163,64,34.9,48,118.3,117.7
210,19,2025-10-09,127,38,38.6,80,80.4,151.5
211,18,2025-03-11,167,69,36.5,93,49.4,104.2
212,20,2025-05-21,196,66,29.0,39,143.7,68.5
213,20,2025-04-01,179,68,21.0,89,47.7,213.8
214,17,2025-08-24,137,56,28.8,43,149.6,90.9
215,19,2024-06-30,57,63,25.8,31,122.0,62.5
216,17,2025-04-05,150,31,26.8,51,31.0,224.7
217,2,2023-06-17,252,47,44.0,35,68.6,90.2
218,20,2025-07-12,65,32,40.7,52,51.5,212.6
219,12,2024-06-16,76,58,18.0,54,133.1,206.0
220,11,2024-05-09,128,60,34.7,90,50.4,217.3
221,4,2024-07-20,138,83,44.6,60,17.0,233.2
222,15,2025-03-18,144,31,19.3,57,21.2,102.6
223,13,2025-02-17,323,81,20.7,75,102.1,28.9
224,12,2024-02-01,124,42,33.1,54,126.4,245.2
225,10,2024-03-18,164,36,31.6,91,138.4,230.3
226,4,2024-06-27,170,50,29.2,34,19.2,167.0
227,7,2024-03-13,145,45,19.3,64,139.1,93.2
228,9,2023-05-15,61,80,31.1,73,143.9,150.7
229,13,2025-04-18,245,51,26.1,34,66.0,202.2
230,5,2023-04-30,132,74,34.5,85,132.8,55.8
231,14,2025-02-25,95,53,43.4,53,31.9,26.8
232,8,2023-08-09,312,67,29.9,33,49.9,94.1
233,13,2023-11-07,288,66,36.5,71,65.3,75.1
234,14,2023-12-01,93,42,40.9,59,87.1,95.3
235,16,2025-04-30,70,47,25.8,74,44.5,62.4
236,20,2023-02-27,50,61,28.6,53,142.8,234.4
237,3,2025-08-09,333,90,24.4,48,100.5,129.2
238,6,2024-03-11,119,61,34.7,71,111.2,97.3
239,11,2023-06-25,96,69,22.6,74,33.9,218.3
240,4,2024-02-20,79,94,26.8,77,98.0,125.9
241,2,2023-12-11,163,36,27.8,41,49.9,127.2
242,9,2024-04-27,108,76,35.2,75,119.3,92.0
243,17,2025-01-19,125,44,40.5,89,31.1,155.6
244,19,2024-04-15,101,63,25.8,56,19.9,77.1
245,17,2024-07-01,57,58,23.3,57,71.9,221.6
246,3,2024-12-05,201,60,40.3,53,72.7,33.4
247,16,2024-06-02,186,52,39.9,38,62.6,64.2
248,18,2024-05-01,100,31,25.7,85,39.8,179.0
249,11,2023-07-05,81,86,36.7,82,59.1,173.7
250,11,2025-01-16,107,91,39.9,95,21.8,140.2
251,4,2023-12-31,158,91,23.1,65,132.4,136.7
252,16,2024-03-29,146,50,34.0,80,94.5,39.7
253,10,2023-08-18,103,80,21.7,62,135.0,166.5
254,14,2023-09-26,137,36,34.5,33,108.1,50.2
255,18,2024-09-01,191,73,31.0,32,86.7,77.6
256,11,2023-06-17,74,40,32.6,82,104.6,90.4
257,10,2023-06-24,125,79,25.5,95,119.8,91.9
258,20,2025-01-11,167,77,29.8,77,126.2,225.2
259,11,2024-10-12,196,74,38.4,46,142.6,191.9
260,19,2023-02-22,95,48,19.9,89,113.7,162.1
261,3,2025-04-19,185,68,32.3,54,101.3,229.1
262,15,2025-07-09,70,89,18.4,72,116.3,144.1
263,9,2025-08-05,134,42,39.3,56,72.4,196.1
264,6,2024-06-19,150,43,20.2,57,101.2,72.2
265,17,2023-12-16,161,44,38.9,61,97.3,246.8
266,18,2023-03-23,120,73,33.6,32,114.6,163.9
267,19,2024-10-07,92,43,30.0,36,65.0,58.3
268,14,2025-08-04,158,56,24.0,77,27.1,211.5
269,11,2025-02-01,179,32,38.4,89,144.8,27.7
270,11,2023-07-19,82,80,18.5,45,31.5,79.3
271,19,2023-03-23,52,61,43.9,46,130.1,246.6
272,10,2023-05-18,130,74,21.3,84,20.7,38.3
273,17,2023-12-02,186,42,41.1,45,20.8,98.7
274,5,2023-11-03,104,89,23.6,38,137.3,234.8
275,17,2024-05-23,102,78,38.5,47,138.5,42.7
276,12,2024-06-05,152,61,23.6,60,122.8,38.6
277,1,2024-10-03,235,71,44.3,85,27.2,167.4
278,10,2024-04-06,113,41,35.6,79,125.8,78.9
279,16,2024-08-04,97,75,27.4,44,28.7,90.3
280,13,2025-09-06,323,35,35.8,95,138.0,131.1
281,6,2024-04-12,57,50,32.7,83,149.6,171.3
282,14,2023-01-05,137,61,26.0,40,66.0,82.3
283,3,2025-04-16,330,82,20.1,43,99.2,181.7
284,11,2024-10-11,102,72,32.5,68,70.3,84.8
285,12,2025-09-13,81,34,23.1,30,33.3,245.5
286,1,2023-09-28,186,92,29.3,84,33.1,217.9
287,4,2023-09-27,116,64,30.2,59,94.9,203.7
288,1,2024-08-12,255,35,29.3,81,50.1,195.1
289,20,2024-10-03,50,52,22.7,65,141.7,139.6
290,9,2025-06-11,131,74,21.0,60,127.2,197.6
291,18,2025-02-05,166,47,40.8,45,76.2,224.9
292,1,2024-10-19,258,45,39.3,79,128.3,209.7
293,2,2023-07-27,228,56,33.9,38,83.5,71.2
294,16,2024-03-29,141,95,24.0,59,44.0,88.9
295,16,2024-04-05,53,62,20.5,31,96.7,165.1
296,4,2025-08-22,139,54,31.8,83,145.9,66.9
297,5,2024-02-10,84,74,25.1,51,145.9,232.9
298,3,2024-11-01,193,59,42.1,34,112.8,105.1
299,15,2023-05-18,51,64,38.5,38,17.7,184.1
300,16,2024-12-07,119,42,33.3,50,51.5,249.5
301,8,2025-05-10,291,39,19.6,91,111.5,94.7
302,5,2023-05-28,120,89,18.8,90,35.4,112.7
303,9,2025-06-05,197,82,23.5,52,65.4,248.2
304,10,2025-03-23,86,53,25.8,63,127.4,181.1
305,7,2023-06-26,157,42,20.9,36,19.8,93.7
306,17,2024-03-17,75,78,23.8,90,16.6,147.9
307,15,2024-12-12,93,37,43.2,49,120.2,32.2
308,11,2025-03-09,110,80,42.1,83,112.4,40.8
309,12,2023-07-21,154,33,18.3,89,79.2,95.4
310,2,2023-04-09,276,61,21.7,31,18.5,128.8
311,20,2024-04-17,72,54,38.3,34,103.3,63.6
312,3,2023-04-22,202,78,33.3,95,78.8,42.0
313,13,2024-05-22,186,53,21.2,62,57.7,232.5
314,9,2025-01-31,154,44,45.0,44,91.9,148.1
315,3,2024-04-30,151,88,24.9,61,70.0,246.2
316,5,2025-04-24,107,68,25.9,46,39.8,57.5
317,13,2023-01-16,186,73,22.9,64,117.0,56.9
318,1,2024-08-20,219,69,38.0,87,122.7,131.8
319,6,2024-01-20,55,56,36.2,83,101.6,104.5
320,4,2023-08-19,83,90,29.0,89,96.4,92.5
321,18,2023-01-25,84,64,43.6,75,93.9,103.9
322,13,2023-02-07,183,43,20.9,44,58.2,234.3
323,19,2025-08-02,73,51,39.7,81,149.1,183.2
324,20,2025-04-01,187,82,24.9,84,121.8,229.4
325,17,2024-11-21,157,46,23.8,78,149.9,229.3
326,17,2024-06-22,118,69,30.3,33,84.0,76.9
327,18,2025-09-26,72,44,33.4,92,54.4,215.4
328,5,2023-03-29,161,68,19.2,81,92.1,188.4
329,17,2025-08-13,101,80,34.4,46,127.5,201.7
330,8,2023-10-13,288,64,31.8,64,75.6,238.9
331,17,2023-06-11,80,58,33.5,82,58.0,122.1
332,5,2025-01-01,52,51,19.8,51,41.9,188.5
333,5,2025-06-06,53,75,42.4,30,133.6,196.3
334,1,2023-03-04,155,32,32.8,78,48.6,90.6
335,13,2024-04-09,211,44,34.5,30,84.7,153.6
336,19,2023-04-03,81,62,21.2,30,18.1,239.9
337,3,2024-01-29,295,49,40.2,47,107.5,70.3
338,15,2025-01-29,198,88,38.0,35,67.4,146.9
339,11,2023-11-04,189,40,43.5,84,79.8,83.1
340,8,2023-02-11,162,32,42.9,95,52.4,74.3
341,14,2023-05-02,74,61,43.7,40,140.5,142.8
342,3,2023-11-22,173,77,36.7,72,82.7,195.8
343,10,2023-06-03,54,54,35.2,31,24.2,70.8
344,8,2023-10-12,255,82,18.8,71,65.6,154.3
345,20,2023-09-14,122,64,41.3,85,74.6,186.1
346,4,2023-03-01,190,47,25.2,32,124.4,183.9
347,18,2025-07-21,73,94,22.1,47,103.1,140.5
348,20,2025-08-02,123,30,22.0,80,34.0,144.4
349,17,2025-06-27,67,93,25.1,71,137.2,130.2
350,12,2024-10-14,99,82,26.4,58,61.5,127.2
351,1,2023-10-29,172,50,34.7,47,89.5,99.7
352,18,2023-04-29,157,38,35.0,71,61.7,29.0
353,13,2023-04-28,158,37,30.5,52,44.6,84.5
354,14,2023-01-25,63,40,21.5,61,85.5,128.1
355,1,2023-04-02,335,52,23.4,46,91.7,247.8
356,14,2023-03-12,139,41,21.4,63,142.8,185.9
357,1,2024-05-24,338,84,29.8,71,45.3,208.4
358,9,2023-11-16,147,35,44.2,69,103.4,226.1
359,15,2024-03-05,106,68,28.3,33,29.5,44.8
360,8,2023-01-08,243,93,37.4,56,145.1,94.6
361,5,2023-09-23,110,74,33.1,83,26.2,249.8
362,18,2023-06-23,91,70,38.4,46,126.5,175.3
363,6,2024-02-08,165,30,31.8,83,110.0,112.2
364,12,2025-08-12,152,49,41.1,65,147.8,240.2
365,20,2025-06-19,163,82,41.0,86,83.9,215.0
366,20,2023-10-28,171,89,40.4,50,93.1,168.8
367,12,2023-01-16,59,82,44.3,43,123.8,93.2
368,19,2024-05-09,127,48,21.4,70,131.7,207.6
369,10,2023-02-24,128,83,41.7,78,88.9,238.2
370,5,2023-03-30,136,85,40.8,75,37.1,82.8
371,6,2023-01-18,152,65,39.6,41,118.5,47.7
372,20,2024-05-19,100,40,32.3,89,48.6,217.9
373,14,2023-08-28,128,58,27.1,66,82.6,219.4
374,6,2025-01-11,66,65,33.8,83,87.5,248.4
375,13,2023-09-23,348,32,27.4,42,125.2,248.4
376,6,2023-04-04,91,77,26.4,65,26.1,188.4
377,8,2025-06-02,157,45,37.1,36,57.0,192.4
378,17,2024-03-10,51,60,31.4,42,111.3,169.4
379,17,2024-01-30,63,37,23.5,37,149.9,70.4
380,20,2024-04-02,190,36,20.2,65,19.4,28.0
381,10,2025-07-30,171,44,24.5,93,115.9,157.7
382,15,2025-02-19,192,83,19.2,43,134.4,195.5
383,5,2025-02-17,140,36,37.5,63,28.3,170.8
384,15,2025-04-21,184,72,41.4,31,99.9,42.3
385,15,2023-12-15,107,73,32.3,45,18.1,232.6
386,18,2024-06-25,163,30,30.7,89,95.8,37.7
387,8,2024-04-24,178,83,20.9,33,89.6,140.2
388,20,2024-04-26,89,46,42.1,79,48.9,135.3
389,4,2024-07-02,100,92,27.1,59,20.4,222.6
390,18,2025-06-03,77,30,22.9,66,88.8,176.6
391,18,2024-01-11,140,89,41.4,94,19.2,63.2
392,9,2024-11-16,125,54,39.6,47,43.8,113.9
393,6,2023-06-16,81,80,33.8,79,96.3,196.8
394,18,2023-12-27,166,63,28.8,90,17.7,205.2
395,12,2023-03-09,161,45,24.6,76,109.1,236.4
396,5,2023-04-02,132,37,37.9,82,135.8,210.3
397,13,2023-03-16,151,91,43.0,57,41.7,35.4
398,17,2025-02-24,116,50,25.6,57,109.9,181.3
399,20,2024-07-05,106,47,25.8,67,83.0,74.6
400,1,2023-11-05,177,84,34.2,39,124.9,96.2
401,8,2023-02-17,187,42,27.9,39,65.9,186.9
402,18,2025-10-09,149,67,28.9,61,46.2,220.2
403,20,2025-06-02,134,59,26.4,41,27.6,98.3
404,4,2025-06-20,120,93,29.4,49,81.2,209.6
405,19,2025-03-17,158,45,26.6,61,89.5,97.2
406,4,2023-05-21,189,39,42.5,93,59.5,47.2
407,8,2024-08-29,245,93,31.7,73,63.9,59.8
408,2,2025-02-19,321,89,22.3,79,17.5,91.5
409,10,2024-03-21,144,65,29.4,89,78.3,33.3
410,3,2024-03-28,176,33,30.4,37,126.6,129.4
411,12,2024-01-29,117,91,32.4,59,80.0,187.6
412,7,2023-04-11,174,70,26.3,59,86.6,199.7
413,15,2023-10-31,68,68,31.6,71,110.3,176.1
414,13,2023-02-21,191,52,27.0,80,107.5,115.6
415,5,2025-07-03,165,53,33.0,68,149.6,126.0
416,14,2023-09-14,84,31,30.0,78,107.2,57.4
417,3,2025-05-30,330,56,43.5,56,113.1,242.6
418,13,2024-05-02,256,47,27.7,46,44.4,144.0
419,17,2025-05-05,171,36,29.0,33,122.6,141.3
420,17,2024-02-07,109,52,19.6,72,120.3,199.9
421,9,2023-01-07,138,33,36.6,48,79.0,155.0
422,3,2025-09-06,233,87,29.6,62,119.8,95.7
423,11,2024-02-26,165,37,37.9,94,95.4,129.3
424,11,2023-12-19,115,50,29.8,39,94.2,219.1
425,8,2025-05-01,350,63,22.0,53,79.4,218.6
426,5,2024-04-11,102,53,19.6,52,38.7,169.8
427,16,2023-04-16,77,39,40.6,77,102.9,135.3
428,20,2023-05-04,175,43,29.4,37,120.2,60.5
429,18,2024-01-16,79,66,25.2,81,92.9,77.4
430,12,2023-06-29,76,84,43.8,31,43.0,217.7
431,6,2023-07-11,57,53,38.2,31,27.9,245.3
432,9,2023-07-08,151,64,31.4,39,23.2,147.9
433,3,2024-04-06,268,32,42.9,40,69.0,68.7
434,2,2025-06-28,237,31,43.4,67,93.7,72.0
435,14,2025-05-05,167,53,24.9,65,65.9,75.4
436,4,2025-06-02,162,50,33.2,86,73.5,79.4
437,18,2023-01-06,188,58,43.9,34,115.1,195.2
438,11,2023-09-24,65,50,41.8,71,29.7,160.8
439,20,2023-08-19,82,89,36.9,93,39.3,218.8
440,6,2025-07-05,196,45,40.2,58,62.0,35.7
441,19,2025-04-16,159,37,21.4,85,112.0,126.8
442,11,2025-04-23,93,88,41.3,68,63.0,71.2
443,16,2023-09-29,200,77,18.6,30,83.3,147.9
444,10,2025-04-15,50,83,38.2,76,116.7,215.5
445,1,2023-06-23,161,31,36.0,43,91.3,214.5
446,6,2024-09-01,61,51,23.0,39,137.1,199.7
447,10,2025-06-22,110,34,25.5,34,93.9,64.0
448,6,2023-12-23,99,61,23.6,30,144.2,80.1
449,3,2023-02-11,189,77,42.5,72,61.4,244.0
450,4,2024-09-25,107,73,25.7,34,45.5,116.1
451,17,2025-04-12,191,66,36.8,56,99.2,194.9
452,8,2023-07-17,191,67,40.9,80,139.1,158.2
453,5,2023-01-08,187,33,27.4,59,31.5,212.1
454,9,2025-02-09,119,41,22.4,37,75.0,100.0
455,20,2024-02-07,130,47,43.7,45,34.3,242.6
456,13,2023-07-22,169,91,30.4,77,52.5,39.8
457,1,2024-01-29,196,64,35.3,56,136.7,101.9
458,4,2024-08-23,83,53,28.7,39,109.9,47.5
459,12,2023-08-26,152,46,43.5,65,78.9,59.0
460,17,2024-10-06,152,62,28.3,48,109.7,225.3
461,14,2023-05-04,164,59,18.7,50,104.1,222.9
462,9,2023-11-19,85,64,19.6,51,110.2,39.1
463,8,2025-05-30,234,75,18.3,42,51.6,187.0
464,5,2023-04-13,198,43,26.1,36,84.9,124.4
465,19,2024-04-17,85,63,30.6,46,65.5,191.8
466,5,2023-06-07,73,94,32.7,62,99.8,177.0
467,18,2025-03-21,78,53,37.9,30,55.8,147.1
468,16,2023-02-12,160,93,35.1,55,144.8,223.1
469,6,2024-08-26,200,85,27.6,75,132.8,237.1
470,6,2023-12-15,169,67,43.9,65,22.7,141.9
471,17,2025-03-15,141,54,40.4,51,146.3,97.1
472,14,2024-12-28,172,47,28.9,52,17.4,139.3
473,13,2024-05-08,182,51,27.8,57,131.4,168.5
474,11,2025-01-24,145,40,39.2,80,37.8,60.8
475,6,2025-06-09,139,31,38.4,53,62.6,204.1
476,13,2023-06-22,343,68,30.1,82,40.5,196.1
477,6,2024-10-23,53,41,41.0,51,122.0,80.3
478,9,2023-03-31,123,52,34.0,31,96.7,172.4
479,13,2023-06-24,327,86,19.1,82,68.8,84.0
480,11,2025-04-27,63,76,29.6,53,24.0,213.1
481,2,2023-01-20,333,59,34.6,36,114.5,44.0
482,8,2023-09-09,244,55,32.5,52,33.2,92.0
483,15,2023-04-06,72,58,28.3,30,108.8,119.5
484,1,2025-08-12,285,48,30.5,34,58.3,88.2
485,4,2025-08-03,157,37,30.8,85,132.5,113.0
486,7,2024-12-26,184,75,18.3,71,45.8,64.0
487,9,2024-03-09,73,86,40.3,48,130.7,176.5
488,7,2025-10-03,100,82,21.1,63,53.2,46.0
489,14,2023-11-03,85,55,37.3,79,62.1,227.5
490,10,2023-04-30,100,88,22.8,90,103.9,112.4
491,12,2024-05-03,157,34,29.4,56,121.7,161.0
492,6,2024-09-30,61,65,41.8,38,78.9,218.1
493,4,2024-06-07,190,86,18.5,41,127.8,136.2
494,20,2024-08-01,98,52,26.1,53,20.6,63.0
495,18,2023-08-13,163,69,25.2,64,25.5,136.6
496,8,2023-10-03,238,84,39.1,55,82.6,112.5
497,9,2024-04-04,195,31,22.5,67,119.3,108.2
498,8,2024-01-23,344,47,29.3,35,52.9,130.2
499,7,2024-06-12,161,64,19.7,31,147.2,25.7
500,11,2023-08-21,178,73,34.9,70,80.0,237.3
501,6,2023-04-04,150,65,24.3,32,127.8,32.3
502,8,2024-05-03,286,39,25.1,84,21.7,135.0
503,14,2025-01-24,74,67,24.0,94,144.1,142.6
504,9,2023-08-06,167,36,28.7,78,26.1,194.3
505,12,2025-06-18,156,62,42.2,89,32.7,222.3
506,8,2024-02-18,291,38,27.9,68,134.1,44.6
507,12,2025-04-16,182,34,43.3,49,76.1,233.0
508,6,2024-08-13,78,31,39.0,69,60.2,181.9
509,18,2024-01-30,55,67,44.4,76,70.6,223.5
510,2,2023-12-12,159,59,37.1,86,51.0,120.6
511,17,2023-09-09,104,33,28.7,86,104.9,30.0
512,13,2024-04-27,329,45,32.8,47,39.7,66.3
513,14,2025-06-28,171,65,39.0,32,119.1,126.7
514,17,2024-03-17,134,57,31.6,72,106.3,206.9
515,2,2024-02-01,270,56,33.5,56,56.1,208.0
516,17,2024-12-11,178,91,44.7,33,115.2,95.9
517,11,2025-05-18,55,68,33.4,47,126.8,181.3
518,2,2023-09-26,315,84,38.7,39,88.6,115.3
519,15,2023-01-31,154,80,23.6,37,117.9,115.5
520,6,2024-08-14,53,90,23.2,52,118.5,139.5
521,20,2023-03-24,195,50,31.2,49,71.5,97.6
522,7,2025-03-02,109,89,20.4,30,87.1,210.0
523,10,2024-09-17,117,51,28.9,67,36.3,71.4
524,19,2024-07-02,110,41,36.2,60,144.3,93.1
525,20,2024-12-09,54,44,25.6,83,75.7,248.6
526,20,2023-07-03,66,73,40.1,86,40.6,107.8
527,20,2024-06-27,91,64,24.3,95,115.2,87.5
528,8,2025-04-11,163,48,39.1,39,77.9,146.2
529,14,2024-04-27,178,30,28.4,78,143.8,86.0
530,8,2024-11-25,179,73,41.8,36,28.9,171.4
531,9,2025-06-22,198,48,42.3,95,27.6,25.3
532,15,2025-03-04,61,44,30.9,49,70.7,92.1
533,15,2025-06-19,62,56,18.8,34,84.9,227.1
534,3,2024-04-10,190,81,22.1,51,96.1,118.3
535,6,2024-10-28,125,68,40.7,71,116.6,31.8
536,1,2024-04-13,187,94,35.8,73,143.4,66.4
537,15,2024-10-08,120,41,20.0,30,72.1,158.3
538,4,2025-01-06,148,44,22.6,90,69.8,54.8
539,18,2023-02-03,185,47,40.7,60,99.4,127.7
540,6,2025-08-02,157,54,36.2,63,52.9,74.1
541,20,2024-01-26,97,62,27.0,92,136.5,43.3
542,1,2025-01-23,341,67,39.9,48,55.3,173.0
543,12,2023-08-09,154,32,33.8,49,144.2,128.2
544,8,2023-01-10,196,64,33.4,81,126.1,233.5
545,2,2023-09-13,306,78,35.5,87,15.1,231.6
546,10,2023-09-06,146,70,21.6,69,20.7,104.8
547,14,2023-09-19,178,40,36.9,86,121.6,200.2
548,9,2024-11-26,54,61,41.6,64,128.5,227.2
549,18,2023-05-31,80,75,41.6,87,149.7,81.0
550,12,2023-10-11,152,82,22.1,55,144.7,76.9
551,2,2024-01-26,253,89,34.3,82,53.3,41.6
552,12,2024-08-18,129,92,44.1,52,33.2,36.4
553,9,2023-07-10,184,79,23.0,82,91.1,54.0
554,13,2024-03-02,251,39,44.1,82,38.9,225.8
555,13,2024-09-16,301,49,33.9,61,44.1,194.1
556,16,2025-06-04,152,95,30.5,93,75.9,67.1
557,14,2023-01-13,127,45,24.7,52,21.6,238.2
558,9,2025-07-05,113,42,26.8,54,146.8,159.9
559,5,2025-10-11,82,81,18.3,30,136.1,90.2
560,2,2024-10-30,318,89,43.1,48,128.4,188.0
561,3,2025-09-06,228,59,41.0,66,113.7,151.9
562,7,2023-11-04,80,32,23.5,93,58.4,227.8
563,18,2024-04-26,83,34,34.0,85,102.0,212.4
564,13,2023-11-01,190,47,26.0,31,59.5,243.2
565,5,2023-02-26,182,53,24.3,59,19.2,234.8
566,14,2024-03-14,76,63,33.1,81,31.9,236.0
567,18,2025-08-01,58,77,28.9,46,133.7,44.2
568,12,2023-09-09,50,87,34.6,82,28.6,143.4
569,19,2023-12-08,172,49,38.5,67,129.7,26.5
570,8,2025-03-25,228,92,25.0,50,57.9,242.0
571,7,2024-05-08,130,81,20.6,36,82.0,136.6
572,6,2023-03-17,177,74,19.7,83,26.6,154.5
573,6,2025-09-16,61,48,36.8,39,94.8,141.0
574,7,2023-08-04,167,35,23.1,53,124.4,216.7
575,10,2023-10-09,164,66,32.8,30,120.3,136.0
576,1,2024-03-30,341,83,41.4,58,57.6,39.8
577,1,2024-12-09,270,82,26.7,39,121.2,166.7
578,18,2025-05-23,141,41,31.0,60,144.7,62.5
579,18,2024-08-30,138,40,25.2,79,41.0,82.6
580,20,2025-04-13,68,75,31.7,74,61.8,191.9
581,4,2023-11-25,165,63,25.3,80,105.3,81.0
582,4,2025-08-01,151,36,35.5,90,15.4,89.1
583,19,2023-09-09,53,69,26.6,69,30.8,87.2
584,1,2025-02-18,213,49,22.8,33,106.9,157.4
585,13,2025-02-26,191,35,24.4,77,138.6,147.4
586,13,2024-12-01,221,32,35.8,31,35.5,97.4
587,20,2024-12-15,136,41,44.2,78,53.1,123.4
588,20,2023-07-31,102,60,27.2,83,32.8,37.5
589,7,2024-09-11,169,68,25.1,32,82.9,139.1
590,2,2025-02-19,346,85,31.2,94,112.2,161.2
591,16,2025-10-13,60,51,19.1,45,95.9,163.4
592,18,2025-05-09,122,58,20.1,55,106.9,229.9
593,13,2024-01-23,175,42,27.1,65,89.7,151.2
594,11,2023-06-16,152,60,23.0,45,30.0,172.6
595,2,2023-10-30,266,50,22.0,70,45.5,228.6
596,1,2024-05-02,272,64,27.8,65,55.0,188.4
597,2,2025-06-03,286,47,42.8,55,25.8,193.9
598,10,2024-02-04,68,73,37.7,64,71.9,203.4
599,13,2024-02-22,183,82,22.9,71,109.9,154.6
600,1,2024-01-08,209,31,21.7,79,24.9,145.3
601,1,2023-05-13,245,92,39.9,87,15.8,229.0
602,17,2024-02-15,62,72,43.1,36,68.1,34.3
603,13,2023-09-02,261,31,28.0,46,113.7,224.6
604,3,2024-10-24,312,84,25.2,31,99.2,157.2
605,1,2025-05-30,205,35,34.0,51,22.9,191.7
606,1,2023-05-27,243,47,18.6,63,60.8,179.9
607,15,2025-02-14,144,89,36.8,76,46.2,50.2
608,6,2025-09-19,150,35,19.3,85,20.8,219.2
609,15,2023-12-24,176,67,35.9,62,124.5,245.8
610,19,2025-09-01,85,35,26.6,66,108.6,233.3
611,8,2024-06-10,173,45,33.1,45,112.0,158.9
612,12,2024-10-06,139,57,25.7,66,117.9,114.6
613,13,2023-06-10,192,77,22.0,93,98.2,36.8
614,14,2024-01-25,53,60,44.2,82,28.8,119.5
615,5,2023-11-14,188,84,18.8,31,55.0,219.3
616,5,2025-02-14,157,81,18.4,55,62.7,248.7
617,12,2024-05-31,143,33,19.9,55,106.9,40.3
618,8,2024-11-26,335,41,29.4,42,57.7,37.1
619,17,2024-03-26,196,37,28.1,52,49.5,41.9
620,8,2024-08-27,233,69,29.9,63,22.6,109.5
621,9,2025-01-19,143,57,20.6,70,108.7,247.2
622,15,2024-08-20,63,70,37.5,45,92.3,190.5
623,17,2024-10-14,197,80,29.7,68,129.4,116.0
624,7,2024-03-15,134,79,41.9,60,41.3,97.5
625,20,2024-05-21,117,88,28.7,30,65.5,130.5
626,6,2025-09-20,112,91,40.9,41,88.2,80.0
627,1,2025-04-05,314,42,33.2,50,18.4,106.0
628,16,2023-09-05,105,54,41.0,48,108.2,160.8
629,16,2023-08-06,84,56,33.3,81,54.0,34.0
630,18,2025-08-01,84,71,24.5,50,125.1,235.3
631,15,2024-01-21,97,63,22.5,90,139.0,164.9
632,6,2023-08-18,186,73,35.6,35,33.4,179.4
633,1,2024-08-12,174,62,36.6,30,23.8,163.8
634,8,2025-02-18,194,65,25.9,57,144.8,136.3
635,3,2024-09-11,301,49,42.0,31,123.0,133.7
636,11,2025-06-01,71,72,40.8,73,32.1,112.5
637,15,2023-11-28,161,38,23.4,58,31.8,25.9
638,13,2025-03-18,222,61,23.8,49,39.9,195.6
639,5,2025-07-24,82,93,30.1,89,44.5,236.3
640,14,2025-06-26,179,34,43.8,81,140.4,189.3
641,1,2025-08-05,263,30,23.6,76,22.1,110.2
642,2,2023-12-10,307,70,22.6,94,122.5,55.4
643,10,2023-03-28,59,90,39.4,68,113.3,54.8
644,16,2023-10-04,54,85,30.8,76,83.4,121.3
645,14,2023-05-22,145,30,40.7,85,127.1,28.1
646,2,2023-09-08,330,81,23.2,95,104.4,105.3
647,13,2025-06-23,217,82,37.7,66,92.4,85.1
648,20,2024-05-12,200,56,20.8,57,147.4,182.3
649,19,2024-11-26,174,65,40.7,39,49.8,230.6
650,17,2024-03-13,58,70,40.0,31,132.0,159.4
651,7,2023-05-27,156,85,26.0,46,32.8,75.0
652,19,2023-09-21,147,42,21.5,50,112.0,156.8
653,18,2025-04-04,69,43,26.9,66,90.9,101.4
654,9,2023-01-17,51,39,22.9,87,74.0,182.3
655,6,2023-05-21,99,68,43.4,68,38.3,225.1
656,6,2023-12-16,151,89,38.2,92,23.7,140.5
657,17,2024-06-22,86,46,23.5,91,22.8,172.9
658,10,2023-03-11,149,36,28.4,39,148.3,70.0
659,9,2024-08-12,144,81,26.3,64,67.8,194.4
660,11,2024-06-11,159,86,34.8,79,41.0,177.6
661,8,2025-09-21,150,86,22.2,80,123.5,36.4
662,18,2023-03-02,196,48,29.3,79,69.1,26.7
663,14,2023-11-27,141,70,37.8,94,69.9,87.5
664,16,2024-11-12,183,81,26.7,75,134.9,104.2
665,6,2023-09-18,170,85,25.4,30,22.1,142.8
666,11,2024-06-17,156,46,25.9,37,63.3,118.3
667,12,2023-09-19,133,43,22.2,62,131.3,83.5
668,17,2024-08-25,170,67,18.1,55,42.2,116.5
669,18,2024-03-12,54,95,38.9,70,125.8,220.1
670,3,2024-04-08,155,61,29.0,35,134.1,92.1
671,9,2023-06-07,104,95,35.4,37,38.4,204.4
672,11,2025-01-18,62,58,18.8,65,115.8,72.8
673,19,2023-01-13,199,85,35.2,90,95.5,220.3
674,19,2025-06-17,174,47,40.7,73,148.7,149.9
675,4,2023-08-03,142,79,34.5,31,55.3,230.7
676,15,2023-07-29,140,78,38.3,92,55.4,139.6
677,1,2024-08-09,232,93,35.3,58,92.4,177.3
678,11,2024-08-21,190,35,21.8,85,15.1,186.4
679,9,2023-10-04,87,35,39.6,41,62.8,144.4
680,5,2023-12-07,183,65,34.5,32,78.3,215.0
681,5,2023-02-11,108,42,33.2,86,104.8,131.0
682,18,2024-03-23,167,76,34.5,44,103.6,40.0
683,14,2025-01-25,118,50,23.4,94,85.5,187.9
684,20,2023-11-24,183,80,36.8,65,29.3,119.6
685,8,2024-10-24,346,58,22.5,84,19.2,169.6
686,18,2024-01-21,121,51,30.4,91,54.5,141.2
687,4,2025-05-19,163,54,36.9,79,69.4,214.8
688,7,2024-11-03,72,77,20.5,41,78.3,137.6
689,10,2025-03-08,87,78,40.2,73,91.0,118.2
690,18,2024-08-30,55,83,43.1,60,33.0,188.1
691,8,2024-10-31,271,45,30.2,94,142.7,31.1
692,5,2025-06-24,93,59,30.7,37,19.8,207.8
693,14,2023-11-20,119,87,19.5,65,124.3,246.5
694,19,2023-11-27,116,39,34.9,86,71.8,95.6
695,7,2024-08-30,184,39,44.7,35,128.8,193.5
696,15,2024-06-10,66,75,33.7,71,81.7,38.1
697,19,2023-11-06,144,95,44.7,79,37.6,211.0
698,7,2024-06-01,117,95,30.0,56,85.9,218.8
699,1,2024-12-02,272,81,20.1,60,95.1,178.3
700,6,2023-04-28,57,72,37.9,42,35.9,152.6
701,18,2024-06-19,149,42,31.8,47,125.1,31.0
702,16,2023-01-08,152,79,37.3,34,132.9,35.6
703,19,2023-05-16,106,91,39.0,48,67.3,161.5
704,8,2023-08-18,220,95,35.9,85,104.3,161.7
705,15,2025-08-01,61,61,37.3,35,71.8,98.8
706,17,2024-09-20,155,58,44.9,54,60.7,180.4
707,1,2025-03-30,274,86,24.4,42,118.4,214.0
708,7,2023-04-13,132,72,27.2,35,107.0,197.7
709,15,2024-11-23,58,75,21.4,41,85.8,164.0
710,8,2024-06-12,220,65,25.1,69,64.6,139.5
711,7,2023-04-18,69,69,19.7,91,143.4,171.6
712,4,2025-02-09,89,59,44.4,71,129.9,69.7
713,18,2025-10-11,163,44,26.8,80,125.6,199.7
714,20,2023-03-18,59,86,41.7,87,98.4,146.0
715,5,2023-08-26,127,64,27.6,95,54.4,117.7
716,16,2024-08-11,125,33,42.7,59,125.6,120.2
717,14,2025-09-03,126,32,19.8,57,141.6,163.0
718,16,2023-08-12,177,94,35.9,45,62.9,237.6
719,12,2024-04-08,91,48,35.9,59,29.1,113.5
720,18,2025-03-03,103,34,21.7,41,59.7,107.9
721,10,2024-10-19,91,59,24.1,68,27.2,217.3
722,12,2023-03-12,190,74,34.9,62,87.6,156.2
723,13,2023-01-25,269,56,26.1,79,129.3,184.5
724,13,2023-06-30,336,45,27.3,75,88.5,171.3
725,16,2023-10-02,79,84,19.7,30,60.5,238.4
726,6,2023-03-20,181,42,28.9,39,102.1,237.1
727,4,2023-08-22,126,65,36.0,79,109.4,38.2
728,19,2023-09-19,193,56,36.7,87,53.9,190.6
729,5,2024-08-28,82,81,25.8,60,146.1,198.4
730,1,2025-04-11,188,84,44.0,74,145.8,193.5
731,19,2025-01-13,199,79,37.1,53,30.7,225.4
732,14,2024-01-22,165,88,21.3,78,148.6,118.1
733,3,2023-01-02,185,70,38.2,60,52.5,207.5
734,2,2023-05-18,182,47,36.4,58,51.3,157.4
735,2,2023-03-16,203,86,44.2,58,135.3,134.8
736,20,2025-01-28,54,42,30.8,87,97.9,98.7
737,10,2023-10-10,153,45,25.4,33,98.3,72.5
738,12,2023-03-06,167,68,41.0,76,73.6,94.1
739,13,2025-04-13,163,44,32.8,61,81.1,53.9
740,7,2023-03-10,195,75,37.8,78,135.6,167.6
741,12,2024-08-19,90,53,31.1,86,65.7,223.2
742,3,2023-11-02,305,35,18.7,71,15.3,65.3
743,11,2023-12-18,66,56,40.5,64,120.2,233.2
744,9,2025-06-15,190,81,31.0,53,87.0,145.6
745,19,2023-01-01,126,90,38.4,59,23.9,233.2
746,9,2024-01-23,71,77,36.5,67,93.3,69.5
747,12,2023-04-06,79,63,36.8,88,86.0,130.0
748,11,2023-08-07,66,47,41.6,31,54.1,156.2
749,10,2023-09-07,162,93,35.6,84,27.8,68.7
750,17,2025-04-03,145,94,19.4,42,112.6,145.6
751,8,2023-03-29,229,56,33.7,71,27.4,39.6
752,8,2024-03-19,273,82,22.6,43,142.6,28.3
753,18,2023-03-21,190,88,20.6,81,100.2,97.0
754,10,2023-05-12,134,88,40.7,82,101.7,171.6
755,1,2023-05-27,259,55,24.6,39,65.3,84.2
756,7,2023-01-13,153,34,19.4,54,22.3,240.8
757,14,2025-06-14,135,72,42.6,32,106.2,231.0
758,5,2023-06-22,123,42,20.6,49,18.7,117.0
759,2,2023-04-16,230,39,24.9,48,17.6,246.2
760,13,2024-03-10,213,56,40.9,48,32.4,216.9
761,9,2023-02-08,58,70,24.3,46,39.9,64.6
762,12,2024-01-22,85,33,20.6,35,129.8,50.6
763,7,2023-09-20,186,69,23.6,42,41.0,169.4
764,12,2023-07-05,182,78,43.8,44,122.5,60.6
765,20,2023-09-18,135,82,36.3,72,32.0,93.5
766,17,2024-02-14,126,68,34.5,84,122.1,64.0
767,19,2024-06-08,160,84,23.2,52,115.6,189.2
768,19,2025-08-31,141,61,29.8,88,100.9,131.5
769,8,2023-10-11,319,76,22.8,90,127.1,105.1
770,3,2023-12-09,326,52,44.9,81,65.1,99.8
771,3,2023-10-01,274,79,43.9,77,121.3,221.3
772,17,2023-03-04,156,83,26.1,64,78.8,248.3
773,8,2023-09-13,253,77,22.3,86,120.0,238.5
774,13,2024-03-20,334,70,36.0,73,43.1,155.6
775,14,2023-05-11,197,73,38.2,49,54.1,222.4
776,13,2024-05-20,301,49,26.0,73,79.1,60.2
777,15,2025-06-03,157,55,38.1,58,58.7,72.8
778,10,2024-02-25,190,72,31.5,84,48.3,155.0
779,14,2025-03-14,75,80,37.7,48,55.0,130.8
780,8,2024-09-22,305,39,29.2,75,131.2,176.6
781,17,2023-03-27,75,80,42.2,95,103.5,181.3
782,3,2023-01-30,212,32,31.4,56,79.0,110.4
783,16,2024-12-08,92,30,43.5,65,87.4,120.3
784,16,2025-09-08,191,32,33.0,47,67.2,86.9
785,7,2023-05-01,83,45,44.4,80,120.8,158.2
786,10,2025-03-12,163,80,23.0,65,128.2,193.4
787,6,2024-02-02,125,74,38.3,56,138.8,68.0
788,4,2024-04-16,85,68,18.3,80,125.8,84.0
789,3,2024-11-14,178,53,35.3,79,112.0,152.6
790,3,2024-09-27,254,87,44.7,33,70.6,225.0
791,8,2023-08-12,234,58,34.2,34,29.2,112.7
792,6,2023-12-25,196,33,21.1,61,91.6,86.2
793,19,2023-02-04,70,54,24.1,64,146.2,73.5
794,14,2025-05-03,173,56,43.8,65,87.0,47.6
795,2,2025-04-25,294,63,20.4,37,143.9,219.6
796,16,2024-09-06,105,34,20.0,62,137.7,45.5
797,13,2023-01-11,222,40,38.8,36,129.5,172.6
798,6,2025-07-04,59,49,32.3,83,130.2,233.3
799,13,2025-07-26,289,34,38.2,39,133.3,160.5
800,8,2023-10-26,186,45,43.8,55,49.8,226.4
801,11,2023-11-06,191,63,42.0,37,43.3,69.4
802,14,2023-03-04,172,42,31.1,42,42.7,147.3
803,2,2023-03-23,232,91,20.7,41,121.7,51.1
804,5,2025-03-12,75,69,43.0,32,149.5,93.3
805,15,2024-11-16,51,50,44.2,41,54.1,51.8
806,18,2024-04-15,126,70,21.7,92,141.1,41.9
807,20,2023-08-07,161,90,40.9,77,81.3,91.3
808,14,2023-07-12,68,60,33.0,40,20.1,168.4
809,10,2024-09-21,78,78,21.3,66,37.9,169.3
810,4,2023-12-23,122,36,20.1,60,26.1,100.5
811,11,2023-02-22,155,85,44.1,53,67.5,116.5
812,9,2025-04-13,138,73,22.5,71,38.7,172.6
813,10,2025-07-03,69,30,21.8,76,53.2,187.1
814,3,2025-08-14,331,89,33.8,65,85.3,230.9
815,12,2024-03-12,149,66,31.7,58,147.5,31.9
816,4,2024-08-28,137,85,30.2,81,43.1,106.9
817,17,2023-10-31,87,53,30.1,41,76.5,112.7
818,5,2025-02-17,142,81,27.9,63,66.7,26.8
819,1,2024-11-10,160,40,25.9,65,30.0,75.1
820,13,2024-06-05,315,83,41.3,63,20.5,182.6
821,15,2025-03-07,76,30,18.1,82,70.2,159.9
822,9,2025-10-08,75,92,21.7,48,16.0,116.7
823,7,2024-05-28,78,45,27.5,50,33.9,57.1
824,5,2023-07-05,94,49,25.7,65,78.6,219.9
825,17,2023-07-17,141,68,18.9,64,27.5,188.4
826,18,2023-10-02,165,44,24.2,43,110.1,235.6
827,12,2024-11-14,57,70,23.2,86,140.2,62.1
828,17,2024-08-29,83,30,39.4,85,54.1,168.9
829,12,2025-09-06,175,35,34.2,89,85.8,31.6
830,18,2023-01-18,68,33,42.2,43,99.0,229.8
831,11,2023-09-06,127,39,34.6,46,121.2,139.9
832,4,2025-08-10,117,66,30.7,82,123.0,89.8
833,5,2024-07-17,59,52,20.3,95,106.0,233.4
834,8,2023-01-24,248,58,38.4,93,147.5,150.8
835,1,2024-11-20,208,89,33.1,44,105.1,46.9
836,20,2025-01-12,163,62,43.1,60,126.0,115.6
837,19,2023-01-15,131,72,32.9,74,138.5,201.5
838,19,2024-08-08,128,32,32.7,65,40.2,226.3
839,1,2025-05-04,257,85,33.3,36,108.1,105.8
840,5,2024-06-16,189,84,18.4,38,113.3,112.4
841,14,2024-04-15,111,59,30.2,64,65.1,226.1
842,3,2024-02-13,231,48,30.0,41,140.1,119.1
843,18,2023-03-12,126,37,21.8,58,100.7,140.2
844,7,2024-05-05,152,50,35.3,80,54.9,92.8
845,16,2025-05-30,96,71,39.7,31,86.8,176.9
846,8,2025-01-31,186,62,22.7,68,84.2,197.5
847,9,2023-03-23,166,46,26.3,72,61.2,237.0
848,13,2024-09-06,177,71,32.4,70,76.9,215.3
849,19,2025-08-08,57,79,22.7,93,91.0,110.2
850,6,2023-10-12,92,77,30.2,60,149.6,72.9
851,5,2024-09-27,136,67,27.7,58,129.5,97.5
852,18,2025-08-01,85,79,24.1,65,17.7,211.3
853,20,2024-03-21,150,53,42.4,41,74.8,47.3
854,10,2025-09-01,90,47,40.4,33,55.8,116.6
855,18,2025-08-07,95,45,27.7,60,94.7,227.5
856,13,2024-09-10,203,90,41.2,30,68.5,246.9
857,12,2025-02-08,58,57,21.3,59,94.2,137.5
858,10,2024-06-28,141,30,23.0,35,71.4,176.1
859,2,2023-04-19,297,60,35.4,57,65.4,75.8
860,20,2024-05-13,71,37,18.1,32,39.8,155.9
861,11,2024-03-16,75,78,21.9,73,65.8,186.5
862,9,2024-12-17,176,38,31.9,77,62.8,159.9
863,1,2025-01-14,265,48,24.1,66,122.2,102.4
864,7,2023-05-20,109,40,44.0,89,77.8,200.9
865,3,2023-10-19,234,78,25.8,66,128.1,124.9
866,4,2024-09-21,125,75,23.3,43,139.2,175.8
867,16,2024-03-14,157,84,27.2,74,38.9,131.0
868,14,2023-03-10,82,33,39.2,50,89.8,209.8
869,11,2024-05-03,190,37,29.0,39,122.6,165.6
870,5,2023-05-16,112,38,36.2,80,79.6,148.1
871,15,2023-01-25,148,91,35.1,56,60.3,55.5
872,7,2024-12-01,174,45,32.6,49,24.7,56.1
873,17,2025-01-07,122,95,27.9,58,138.1,43.9
874,10,2025-05-16,88,69,23.2,35,18.9,193.0
875,15,2025-04-30,136,61,33.4,49,132.9,183.2
876,3,2023-08-01,186,63,29.8,94,129.9,110.5
877,7,2023-05-10,172,63,20.8,55,123.2,136.8
878,11,2024-08-06,68,73,42.2,47,20.6,47.1
879,9,2024-11-14,57,79,39.7,50,109.5,113.4
880,6,2024-03-17,163,58,41.5,77,23.6,57.5
881,6,2023-10-14,130,74,24.0,61,81.0,212.7
882,13,2023-11-18,342,79,34.6,82,50.1,124.3
883,10,2024-08-25,159,50,22.4,66,110.6,211.9
884,1,2023-11-11,254,47,26.5,82,93.1,243.4
885,14,2023-12-01,148,72,41.2,48,125.5,37.2
886,14,2025-02-23,82,87,41.6,93,39.2,237.5
887,11,2024-12-20,55,86,33.8,57,49.7,222.4
888,5,2023-03-16,83,44,26.1,77,136.6,66.9
889,7,2023-10-27,176,89,32.9,30,53.7,102.6
890,16,2025-01-10,195,89,41.2,47,65.4,219.4
891,10,2024-12-15,63,88,18.7,59,102.7,144.2
892,3,2023-10-27,265,48,38.9,54,75.0,189.5
893,5,2024-12-11,64,64,26.5,80,80.9,197.3
894,15,2023-01-13,151,55,29.0,58,105.6,216.0
895,17,2024-03-12,101,30,21.0,47,134.2,210.7
896,1,2025-04-21,162,67,31.6,64,32.1,208.8
897,18,2023-07-28,102,57,29.4,87,106.2,110.7
898,17,2023-06-20,188,81,31.5,40,109.1,110.8
899,11,2024-10-17,114,66,42.0,47,18.2,246.7
900,14,2023-10-14,195,36,21.1,54,34.7,164.9
901,3,2025-07-18,294,57,28.1,30,25.5,227.3
902,10,2024-02-05,78,90,27.3,37,88.0,36.0
903,17,2025-01-21,180,34,25.7,38,23.3,38.8
904,8,2023-03-07,239,81,28.4,95,60.9,179.6
905,11,2023-07-15,183,43,25.4,57,79.4,128.1
906,12,2024-06-01,62,55,19.1,31,28.9,115.7
907,11,2024-01-26,122,87,21.0,87,89.1,33.1
908,20,2023-02-08,89,89,39.3,43,69.6,161.4
909,18,2024-10-23,102,91,36.9,85,27.6,107.3
910,13,2024-03-10,282,84,21.0,90,126.6,111.7
911,12,2024-08-16,183,55,35.9,50,70.9,132.2
912,2,2025-01-06,232,33,27.0,56,65.6,82.5
913,18,2023-03-10,200,74,29.4,86,110.3,147.7
914,8,2024-01-09,211,61,33.6,95,37.0,60.8
915,13,2024-11-06,186,42,30.6,91,60.2,34.7
916,11,2024-07-06,118,84,29.5,92,96.6,71.8
917,7,2023-01-07,88,95,27.2,50,136.6,129.0
918,16,2025-02-11,148,85,34.0,58,49.4,40.7
919,12,2025-04-10,65,51,26.6,77,142.4,121.0
920,8,2023-01-05,289,89,40.1,30,87.2,152.0
921,16,2023-05-09,52,88,38.7,58,90.0,185.9
922,6,2025-08-30,173,90,30.7,44,31.3,196.0
923,10,2023-05-24,131,46,36.7,91,103.1,232.3
924,7,2023-01-02,65,31,29.9,40,34.8,35.8
925,5,2025-01-03,121,48,23.2,67,81.0,224.9
926,2,2023-12-24,339,91,40.9,87,148.0,46.1
927,20,2025-05-04,159,45,36.3,90,29.6,107.1
928,20,2024-03-20,139,81,28.9,88,69.9,34.2
929,20,2025-01-10,146,60,23.3,64,17.2,163.4
930,12,2023-06-05,91,66,43.5,78,107.1,107.0
931,15,2024-10-01,101,53,21.4,41,93.2,196.1
932,8,2025-10-04,309,31,30.4,76,108.6,132.6
933,8,2024-03-07,162,44,27.0,44,26.2,237.6
934,2,2025-02-02,329,42,19.2,80,110.7,229.6
935,14,2023-01-10,57,94,18.9,81,62.1,153.7
936,7,2024-11-16,116,89,42.6,88,131.6,231.7
937,7,2023-08-14,131,66,31.7,56,63.4,226.2
938,20,2023-07-11,77,66,33.4,90,92.0,209.1
939,13,2023-09-06,331,94,43.0,79,130.2,177.7
940,8,2025-04-11,189,32,41.7,41,142.2,238.7
941,5,2025-04-16,154,84,27.9,48,56.9,146.2
942,9,2025-05-28,92,93,36.1,67,15.4,207.4
943,5,2023-01-22,189,80,35.9,41,56.1,192.9
944,1,2023-11-24,172,33,33.1,73,52.8,210.4
945,16,2025-06-17,79,81,43.8,55,113.5,222.8
946,7,2025-10-09,110,70,42.3,57,66.5,185.4
947,7,2025-04-11,53,41,42.5,37,112.5,157.6
948,17,2025-04-20,200,60,19.8,86,85.3,188.6
949,10,2025-05-24,186,35,22.7,59,60.3,239.2
950,3,2023-12-10,289,53,34.9,36,98.9,76.8
951,9,2024-12-24,106,86,29.3,41,47.7,118.9
952,6,2024-06-30,56,95,39.3,40,33.9,55.8
953,14,2024-06-16,67,74,41.0,68,120.3,226.2
954,9,2025-02-26,167,30,41.5,58,24.9,211.3
955,3,2023-02-07,239,57,36.2,61,16.1,162.9
956,16,2025-08-10,101,87,34.7,67,147.1,46.3
957,19,2025-10-08,81,69,21.8,84,96.9,131.7
958,14,2025-01-21,141,33,38.5,43,69.7,134.3
959,16,2024-12-07,75,95,31.4,80,132.4,53.2
960,17,2024-07-09,105,82,43.0,85,88.5,228.9
961,12,2023-01-26,72,80,41.7,50,77.1,115.3
962,19,2023-06-12,97,84,29.7,86,84.5,180.5
963,1,2024-08-06,329,54,30.1,80,26.6,113.9
964,11,2023-06-23,97,30,30.5,60,124.1,152.3
965,4,2023-05-19,132,73,34.8,91,77.8,122.6
966,20,2025-05-06,176,78,26.0,54,138.1,108.1
967,18,2023-01-26,131,33,43.0,67,31.8,124.2
968,13,2023-12-04,273,54,33.4,47,94.7,238.5
969,12,2025-06-07,151,74,39.6,86,25.8,50.7
970,10,2024-06-22,159,35,19.5,76,119.5,26.0
971,20,2023-07-08,117,64,34.0,53,85.6,125.6
972,16,2023-12-24,168,36,34.9,32,119.5,157.7
973,1,2023-05-07,176,49,27.2,31,23.6,139.1
974,2,2024-05-20,220,51,33.4,32,69.2,169.7
975,12,2023-06-02,96,50,24.1,54,70.1,72.4
976,4,2024-10-11,193,32,28.4,35,16.8,239.3
977,7,2023-01-21,84,63,39.2,79,102.9,120.3
978,9,2024-12-19,196,87,27.8,90,142.6,190.3
979,10,2023-01-26,133,93,41.9,41,123.9,196.6
980,10,2024-02-05,144,82,36.3,93,49.5,187.1
981,18,2025-07-13,176,56,27.8,68,49.2,108.9
982,9,2023-12-05,66,65,28.3,84,136.0,244.4
983,14,2023-12-29,181,55,36.0,64,83.4,202.0
984,18,2025-01-29,108,75,35.7,84,100.0,217.3
985,16,2023-08-10,161,80,40.4,70,47.4,31.6
986,15,2024-04-29,143,90,18.1,95,136.6,90.4
987,6,2025-03-02,154,57,35.7,62,55.6,221.0
988,14,2024-09-03,136,34,27.6,69,58.1,38.4
989,2,2024-09-02,194,64,28.8,51,113.9,26.8
990,15,2023-07-21,121,52,42.8,55,91.6,181.8
991,15,2023-08-21,175,48,40.8,70,51.4,202.4
992,12,2024-11-13,51,60,33.2,33,23.6,56.0
993,18,2025-10-13,139,44,27.6,46,108.0,168.1
994,10,2025-10-13,137,32,35.8,42,57.1,102.3
995,3,2023-05-23,268,63,38.8,59,126.3,193.9
996,20,2025-05-29,134,54,20.1,42,30.1,78.8
997,12,2024-08-12,57,65,44.8,51,69.1,66.5
998,15,2025-04-16,117,49,32.9,78,137.3,206.4
999,12,2023-04-24,63,76,31.4,54,89.8,177.3
1000,12,2023-10-27,137,40,25.0,85,146.9,204.6
